grabing a golf club and lightly moving it#grab/VERB a/DET golf/NOUN club/NOUN and/CCONJ lightly/ADV move/VERB it/PRON#0.0#0.0,,,Increase the speed of grabbing the golf club and make the motion shorter.,grabbing a golf club quickly and moving it briefly#grab/VERB a/DET golf/NOUN club/NOUN quickly/ADV and/CCONJ move/VERB it/PRON briefly/ADV#0.0#0.0
"with arms down in front of his body, the person clasps his hands.#with/ADP arm/NOUN down/ADV in/ADP front/NOUN of/ADP his/DET body/NOUN the/DET person/NOUN clasp/VERB his/DET hand/NOUN#0.0#0.0",,,Slow down the hand clasping and extend the duration.,"with arms down in front of his body, the person slowly clasps his hands for a longer duration.#with/ADP arm/NOUN down/ADV in/ADP front/NOUN of/ADP his/DET body/NOUN the/DET person/NOUN slowly/ADV clasp/VERB his/DET hand/NOUN for/ADP a/DET longer/ADJ duration/NOUN#0.0#0.0"
a person doing golf with a club#a/DET person/NOUN do/VERB golf/NOUN with/ADP a/DET club/NOUN#0.0#0.0,,,Speed up the golf swing and shorten the overall motion.,a person quickly doing golf with a club#a/DET person/NOUN quickly/ADV do/VERB golf/NOUN with/ADP a/DET club/NOUN#0.0#0.0
person is doing a squat#person/NOUN is/AUX do/VERB a/DET squat/NOUN#0.0#0.0,,,Slow down the squat and extend the duration.,"person is doing a slow, extended squat#person/NOUN is/AUX do/VERB a/DET slow/ADJ extended/ADJ squat/NOUN#0.0#0.0"
a person squats down and lifts their arms to their shoulder height.#a/DET person/NOUN squat/VERB down/ADP and/CCONJ lift/VERB their/DET arm/NOUN to/ADP their/DET shoulder/NOUN height/NOUN#0.0#0.0,,,Speed up the squat and arm lift motion.,a person quickly squats down and rapidly lifts their arms to their shoulder height.#a/DET person/NOUN quickly/ADV squat/VERB down/ADP and/CCONJ rapidly/ADV lift/VERB their/DET arm/NOUN to/ADP their/DET shoulder/NOUN height/NOUN#0.0#0.0
the person is doing squats.#the/DET person/NOUN is/AUX do/VERB squat/NOUN#0.0#0.0,,,Do the squats at a faster pace.,the person is doing fast squats.#the/DET person/NOUN is/AUX do/VERB fast/ADJ squat/NOUN#0.0#0.0
a person doing a strange step back and swinging their right arm and then trying to catch something#a/DET person/NOUN do/VERB a/DET strange/ADJ step/NOUN back/ADV and/CCONJ swinge/VERB their/DET right/ADJ arm/NOUN and/CCONJ then/ADV try/VERB to/PART catch/VERB something/PRON#0.0#0.0,,,Slow down the strange step back and extend the arm swing and catching motion.,"a person doing a slow, strange step back and leisurely swinging their right arm and then trying to catch something for a longer time#a/DET person/NOUN do/VERB a/DET slow/ADJ strange/ADJ step/NOUN back/ADV and/CCONJ leisurely/ADV swing/VERB their/DET right/ADJ arm/NOUN and/CCONJ then/ADV try/VERB to/PART catch/VERB something/PRON for/ADP a/DET longer/ADJ time/NOUN#0.0#0.0"
"toon is standing with the hips at an angle, raising their right hand in to motion of playing table tennis or ping pong.#toon/PROPN is/AUX stand/VERB with/ADP the/DET hip/NOUN at/ADP an/DET angle/NOUN raise/VERB their/DET right/ADJ hand/NOUN in/ADP to/ADP motion/NOUN of/ADP play/VERB table/NOUN tennis/NOUN or/CCONJ ping/NOUN pong/NOUN#0.0#10.0",,,Increase the speed of the table tennis motion and shorten the duration.,"toon is standing with the hips at an angle, quickly raising their right hand in the motion of playing table tennis or ping pong.#toon/PROPN is/AUX stand/VERB with/ADP the/DET hip/NOUN at/ADP an/DET angle/NOUN quickly/ADV raise/VERB their/DET right/ADJ hand/NOUN in/ADP the/DET motion/NOUN of/ADP play/VERB table/NOUN tennis/NOUN or/CCONJ ping/NOUN pong/NOUN#0.0#5.0"
a person punches with their left hand before they do a clockwise spin.#a/DET person/NOUN punch/VERB with/ADP their/DET left/ADJ hand/NOUN before/ADP they/PRON do/AUX a/DET clockwise/NOUN spin/NOUN#0.0#5.0,,,Speed up the punch and spin.,a person quickly punches with their left hand before they do a fast clockwise spin.#a/DET person/NOUN quickly/ADV punch/VERB with/ADP their/DET left/ADJ hand/NOUN before/ADP they/PRON do/AUX a/DET fast/ADJ clockwise/NOUN spin/NOUN#0.0#5.0
"a person punches their first forward, then spins around#a/DET person/NOUN punch/VERB their/DET first/ADJ forward/ADV then/ADV spin/VERB around/ADV#0.0#0.0",,,Slow down the punch and extend the spinning duration.,"a person slowly punches their first forward, then spins around for a longer time#a/DET person/NOUN slowly/ADV punch/VERB their/DET first/ADJ forward/ADV then/ADV spin/VERB around/ADV for/ADP a/DET longer/ADJ time/NOUN#0.0#0.0"
"the person steps back, takes a solid stance and spins toward his right, then walks back to the original position.#the/DET person/NOUN step/VERB back/ADV take/VERB a/DET solid/ADJ stance/NOUN and/CCONJ spin/VERB toward/ADP his/DET right/NOUN then/ADV walk/VERB back/ADV to/ADP the/DET original/ADJ position/NOUN#0.0#0.0",,,"Speed up the stepping back and spin, extend the walking back duration.","the person quickly steps back, takes a solid stance and spins rapidly toward his right, then walks back slowly to the original position.#the/DET person/NOUN quickly/ADV step/VERB back/ADV take/VERB a/DET solid/ADJ stance/NOUN and/CCONJ rapidly/ADV spin/VERB toward/ADP his/DET right/NOUN then/ADV walk/VERB back/ADV slowly/ADV to/ADP the/DET original/ADJ position/NOUN#0.0#0.0"
a person is performing a side stepping dance.#a/DET person/NOUN is/AUX perform/VERB a/DET side/NOUN stepping/ADJ dance/NOUN#0.0#0.0,,,Slow down the side stepping dance and extend its duration.,"a person is performing a slow, extended side stepping dance.#a/DET person/NOUN is/AUX perform/VERB a/DET slow/ADJ extended/ADJ side/NOUN stepping/ADJ dance/NOUN#0.0#0.0"
a person doges left and right.#a/DET person/NOUN dog/VERB left/VERB and/CCONJ right/INTJ#0.0#0.0,,,Increase the speed of dodging left and right.,a person quickly dodges left and right.#a/DET person/NOUN quickly/ADV dodge/VERB left/VERB and/CCONJ right/INTJ#0.0#0.0
dodges kaiwa with turning left and right#dodge/NOUN kaiwa/VERB with/ADP turn/VERB left/ADV and/CCONJ right/ADJ#0.0#0.0,,,Slow down the dodging motion and extend the duration of turning left and right.,dodges kaiwa slowly with extended turning left and right#dodge/NOUN kaiwa/VERB slowly/ADV with/ADP extended/ADJ turn/VERB left/ADV and/CCONJ right/ADJ#0.0#0.0
"a person holds their arms forward, bent at the elbow, and stands still#a/DET person/NOUN hold/VERB their/DET arm/NOUN forward/ADV bent/ADJ at/ADP the/DET elbow/NOUN and/CCONJ stand/VERB still/ADV#0.0#0.0",,,Speed up the holding arms forward and standing still.,"a person quickly holds their arms forward, bent at the elbow, and stands still briefly#a/DET person/NOUN quickly/ADV hold/VERB their/DET arm/NOUN forward/ADV bent/ADJ at/ADP the/DET elbow/NOUN and/CCONJ stand/VERB still/ADV briefly/ADV#0.0#0.0"
persons holding something down with both hands#person/NOUN hold/VERB something/PRON down/ADP with/ADP both/DET hand/NOUN#0.0#0.0,,,Slow down the holding down action and extend the duration.,persons slowly holding something down with both hands for a longer time#person/NOUN slowly/ADV hold/VERB something/PRON down/ADP with/ADP both/DET hand/NOUN for/ADP a/DET longer/ADJ time/NOUN#0.0#0.0
a person gestures with their right arm primarily although sometimes utilizes their left arm and tandem with the right arm to continue the gestures.#a/DET person/NOUN gesture/VERB with/ADP their/DET right/ADJ arm/NOUN primarily/ADV although/SCONJ sometimes/ADV utilize/VERB their/DET left/ADJ arm/NOUN and/CCONJ tandem/VERB with/ADP the/DET right/ADJ arm/NOUN to/PART continue/VERB the/DET gesture/NOUN#0.0#0.0,,,Speed up the gestures and shorten the overall motion.,"a person rapidly gestures with their right arm primarily, although sometimes briefly utilizes their left arm in tandem with the right arm to continue the gestures.#a/DET person/NOUN rapidly/ADV gesture/VERB with/ADP their/DET right/ADJ arm/NOUN primarily/ADV although/SCONJ sometimes/ADV briefly/ADV utilize/VERB their/DET left/ADJ arm/NOUN and/CCONJ tandem/VERB with/ADP the/DET right/ADJ arm/NOUN to/PART continue/VERB the/DET gesture/NOUN#0.0#0.0"
the person is placing things in order.#the/DET person/NOUN is/AUX place/VERB thing/NOUN in/ADP order/NOUN#0.0#0.0,,,Increase the speed of placing things in order.,the person is quickly placing things in order.#the/DET person/NOUN is/AUX quickly/ADV place/VERB thing/NOUN in/ADP order/NOUN#0.0#0.0
"a person points with their right hand in several directions, then makes a horizontal sweeping motion with both hands.#a/DET person/NOUN point/VERB with/ADP their/DET right/ADJ hand/NOUN in/ADP several/ADJ direction/NOUN then/ADV make/VERB a/DET horizontal/ADJ sweeping/ADJ motion/NOUN with/ADP both/DET hand/NOUN#0.0#0.0",,,"Slow down the pointing and sweeping motion, extend the duration.","a person slowly points with their right hand in several directions, then makes a prolonged horizontal sweeping motion with both hands.#a/DET person/NOUN slowly/ADV point/VERB with/ADP their/DET right/ADJ hand/NOUN in/ADP several/ADJ direction/NOUN then/ADV make/VERB a/DET prolonged/ADJ horizontal/ADJ sweeping/ADJ motion/NOUN with/ADP both/DET hand/NOUN#0.0#0.0"
a person on the ground stands up.#a/DET person/NOUN on/ADP the/DET ground/NOUN stand/VERB up/ADP#0.0#0.0,,,Increase the speed of standing up from the ground.,a person on the ground quickly stands up.#a/DET person/NOUN on/ADP the/DET ground/NOUN quickly/ADV stand/VERB up/ADP#0.0#0.0
he moves a around then stops#he/PRON move/VERB a/DET around/NOUN then/ADV stop/VERB#0.0#0.0,,,Change direction from opening up to opening down.,a person opens down a sliding door.#a/DET person/NOUN open/VERB down/ADP a/DET slide/VERB door/NOUN#0.0#0.0
a figure searches on all fours before standing upleft.#a/DET figure/NOUN search/VERB on/ADP all/DET four/NOUN before/ADP stand/VERB upleft/ADJ#0.0#0.0,,,Adjust orientation to clap behind their back.,a person uses their hands to clap behind their back.#a/DET person/NOUN use/VERB their/DET hand/NOUN to/PART clap/VERB behind/ADP their/DET back/NOUN#0.0#0.0
a person slowly walked forward and after scratch with left hand#a/DET person/NOUN slowly/ADV walk/VERB forward/ADV and/CCONJ after/ADP scratch/NOUN with/ADP left/ADJ hand/NOUN#0.0#0.0,,,Change direction of clasp motion to the side.,a person puts their hands together and does a clasp motion to the side.#a/DET person/NOUN put/VERB their/DET hand/NOUN together/ADV and/CCONJ does/AUX a/DET clasp/ADJ motion/NOUN to/ADP the/DET side/NOUN#0.0#0.0
the person look for it and started wiping some thing off.#the/DET person/NOUN look/VERB for/ADP it/PRON and/CCONJ start/VERB wipe/VERB some/DET thing/NOUN off/ADP#0.0#0.0,,,Adjust orientation to rub hands vertically.,a man rubs his hands together vertically.#a/DET man/NOUN rub/VERB his/DET hand/NOUN together/ADV vertically/ADV#0.0#0.0
a man bends over a wipes a surface with his left hand.#a/DET man/NOUN bend/VERB over/ADP a/DET wipe/NOUN a/DET surface/NOUN with/ADP his/DET left/ADJ hand/NOUN#0.0#0.0,,,Change direction to put the left hand on the back of the head.,a person puts his left hand on the back of his head.#a/DET person/NOUN put/VERB his/DET left/ADJ hand/NOUN on/ADP the/DET back/NOUN of/ADP his/DET head/NOUN#0.0#0.0
a person throws a ball with their left hand.#a/DET person/NOUN throw/VERB a/DET ball/NOUN with/ADP their/DET left/ADJ hand/NOUN#0.0#0.0,,,Adjust orientation to place left hand on the right side of the head.,the man places his left hand on the right side of his head.#the/DET man/NOUN place/VERB his/DET left/ADJ hand/NOUN on/ADP the/DET right/NOUN side/NOUN of/ADP his/DET head/NOUN#0.0#0.0
a person leans back and swing his arm forward.#a/DET person/NOUN lean/VERB back/ADV and/CCONJ swing/VERB his/DET arm/NOUN forward/ADV#0.0#0.0,,,Change direction to put left hand behind his face.,the person put his left hand behind his face.#the/DET person/NOUN put/VERB his/DET left/ADJ hand/NOUN behind/ADP his/DET face/NOUN#0.0#0.0
a person makes a motion with his left arm as if he were throwing a baseball.#a/DET person/NOUN make/VERB a/DET motion/NOUN with/ADP his/DET left/ADJ arm/NOUN as/SCONJ if/SCONJ he/PRON were/AUX throw/VERB a/DET baseball/NOUN#0.0#0.0,,,Change direction to walk in a counterclockwise circle.,a person walks around in a counterclockwise circle.#a/DET person/NOUN walk/VERB around/ADV in/ADP a/DET counterclockwise/ADJ circle/NOUN#0.0#0.0
a person puts his right hand forward.#a/DET person/NOUN put/VERB his/DET right/ADJ hand/NOUN forward/ADV#0.0#0.0,,,Adjust orientation to walk in a spiral motion.,person walking casually in a spiral motion.#person/NOUN walk/VERB casually/ADV in/ADP spiral/ADJ motion/NOUN#0.0#0.0
moving the right  hand on right side.#move/VERB the/DET right/ADJ hand/NOUN on/ADP right/ADJ side/NOUN#0.0#0.0,,,Change direction of arm swinging to side to side.,the person is walking swinging his arms side to side.#the/DET person/NOUN is/AUX walk/VERB swing/VERB his/DET arm/NOUN side/ADP to/ADP side/NOUN#0.0#0.0
a person opens up a sliding door.#a/DET person/NOUN open/VERB up/ADP a/DET slide/VERB door/NOUN#0.0#0.0,,,Change direction of the kick to the front and walk sideways.,"a man kicks the ground in front of him with his left foot, then walks sideways, then jogs a few steps, then walks sideways again.#a/DET man/NOUN kick/VERB the/DET ground/NOUN in/ADP front/ADP of/ADP him/PRON with/ADP his/DET left/ADJ foot/NOUN then/ADV walk/VERB sideways/ADV then/ADV jog/VERB a/DET few/ADJ step/NOUN then/ADV walk/VERB sideways/ADV again/ADV#0.0#0.0"
a person uses their hands to clap#a/DET person/NOUN use/VERB their/DET hand/NOUN to/PART clap/VERB#0.0#0.0,,,Adjust orientation to kick a football field goal from a side angle.,a figure prepares to kick a football field goal from a side angle.#a/DET figure/NOUN prepare/VERB to/PART kick/VERB a/DET football/NOUN field/NOUN goal/NOUN from/ADP a/DET side/ADJ angle/NOUN#0.0#0.0
a person puts their hands together and does a clasp motion.#a/DET person/NOUN put/VERB their/DET hand/NOUN together/ADV and/CCONJ does/AUX a/DET clasp/ADJ motion/NOUN#0.0#0.0,,,Change direction to move sideways and kick the ball upwards.,"the person moves sideways, then kicks the soccer ball upwards and catches it again.#the/DET person/NOUN move/VERB sideways/ADV then/ADV kick/VERB the/DET soccer/NOUN ball/NOUN upwards/ADV and/CCONJ catch/VERB it/PRON again/ADV#0.0#0.0"
a man rubs his hands together.#a/DET man/NOUN rub/VERB his/DET hand/NOUN together/ADV#0.0#0.0,,,Adjust orientation to clap hands while walking in a zigzag pattern.,a person claps his hands while walking in a zigzag pattern.#a/DET person/NOUN clap/VERB his/DET hand/NOUN while/SCONJ walk/VERB in/ADP a/DET zigzag/ADJ pattern/NOUN#0.0#0.0
a person puts his left hand to his face.#a/DET person/NOUN put/VERB his/DET left/ADJ hand/NOUN to/ADP his/DET face/NOUN#0.0#0.0,,,Change direction to walk in a southeastern direction.,"a person claps, walks diagonally in a southeastern direction, sits down on something and scratches his head.#a/DET person/NOUN clap/VERB walk/VERB diagonally/ADV in/ADP a/DET southeastern/ADJ direction/NOUN sit/VERB down/ADP on/ADP something/PRON and/CCONJ scratch/VERB his/DET head/NOUN#0.0#0.0"
the man places his left hand to his head.#the/DET man/NOUN place/VERB his/DET left/ADJ hand/NOUN to/ADP his/DET head/NOUN#0.0#0.0,,,Change direction to walk backward before sitting.,"this person claps his hands, walks backward to sit and scratches head with both hands.#this/DET person/NOUN clap/VERB his/DET hand/NOUN walk/VERB backward/ADV to/PART sit/VERB and/CCONJ scratch/VERB head/NOUN with/ADP both/DET hand/NOUN#0.0#0.0"
the person put his left hand in front of his face.#the/DET person/NOUN put/VERB his/DET left/ADJ hand/NOUN in/ADP front/NOUN of/ADP his/DET face/NOUN#0.0#0.0,,,Adjust orientation to put hands on hips.,a man raises his arms and then puts his hands on his hips.#a/DET man/NOUN raise/VERB his/DET arm/NOUN and/CCONJ then/ADV put/VERB his/DET hand/NOUN on/ADP his/DET hip/NOUN#0.0#0.0
a person walks around in a clockwise circle#a/DET person/NOUN walk/VERB around/ADV in/ADP a/DET clockwise/NOUN circle/NOUN#0.0#0.0,,,Change direction to lift arms while standing.,"a person lifts both arms out to their side, then returns them to their sides while standing.#a/DET person/NOUN lift/VERB both/DET arm/NOUN out/ADV to/ADP their/DET side/NOUN then/ADV return/VERB them/PRON to/ADP their/DET side/NOUN while/SCONJ stand/VERB#0.0#0.0"
person walking casually in circular motion#person/NOUN walk/VERB casually/ADV in/ADP circular/ADJ motion/NOUN#0.0#0.0,,,Adjust orientation to sit with arms crossed.,sitting with arms crossed.#sit/VERB with/ADP arm/NOUN crosse/VERB#0.0#0.0
the person is walking swinging his arms#the/DET person/NOUN is/AUX walk/VERB swinge/VERB his/DET arm/NOUN#0.0#0.0,,,Change direction of hand movement to touch the right shoulder first.,"a figure moves its left hand to its right shoulder, then to its left shoulder.#a/DET figure/NOUN move/VERB its/DET left/ADJ hand/NOUN to/ADP its/DET right/ADJ shoulder/NOUN then/ADV to/ADP its/DET left/ADJ shoulder/NOUN#0.0#0.0"
"a man kicks the ground behind him with his left foot, then walks backwards, then jogs before a few steps, then walks backwards again.#a/DET man/NOUN kick/VERB the/DET ground/NOUN behind/ADP him/PRON with/ADP his/DET left/ADJ foot/NOUN then/ADV walk/VERB backwards/ADV then/ADV jog/VERB before/ADP a/DET few/ADJ step/NOUN then/ADV walk/VERB backwards/ADV again/ADV#0.0#0.0",,,Change the body part involved to the right foot and adjust the joint angles.,"a man taps the ground behind him with his right foot, then walks sideways, then jogs before a few steps, then walks sideways again.#a/DET man/NOUN tap/VERB the/DET ground/NOUN behind/ADP him/PRON with/ADP his/DET right/ADJ foot/NOUN then/ADV walk/VERB sideways/ADV then/ADV jog/VERB before/ADP a/DET few/ADJ step/NOUN then/ADV walk/VERB sideways/ADV again/ADV#0.0#0.0"
a figure prepares to kick a football field goal#a/DET figure/NOUN prepare/VERB to/PART kick/VERB a/DET football/NOUN field/NOUN goal/NOUN#0.0#0.0,,,Change the body part involved to the right hand.,a figure prepares to throw a football.#a/DET figure/NOUN prepare/VERB to/PART throw/VERB a/DET football/NOUN#0.0#0.0
the person backed up then ram forward and kick the soccer ball than that up again.#the/DET person/NOUN back/VERB up/ADP then/ADV ram/VERB forward/ADV and/CCONJ kick/VERB the/DET soccer/NOUN ball/NOUN than/SCONJ that/DET up/ADP again/ADV#0.0#0.0,,,Adjust the joint angles and change the body part involved to the right foot.,the person backed up then ram forward and kick the soccer ball with the right foot then pick it up again.#the/DET person/NOUN back/VERB up/ADP then/ADV ram/VERB forward/ADV and/CCONJ kick/VERB the/DET soccer/NOUN ball/NOUN with/ADP the/DET right/ADJ foot/NOUN then/ADV pick/VERB it/PRON up/ADP again/ADV#0.0#0.0
a person claps his hands and walks.#a/DET person/NOUN clap/VERB his/DET hand/NOUN and/CCONJ walk/NOUN#0.0#0.0,,,Change the body part involved to the elbows.,a person claps his elbows and walks.#a/DET person/NOUN clap/VERB his/DET elbow/NOUN and/CCONJ walk/NOUN#0.0#0.0
"a person claps, walks diagonally in a southwestern direction, sits down on something and scratches his head.#a/DET person/NOUN clap/VERB walk/VERB diagonally/ADV in/ADP a/DET southwestern/ADJ direction/NOUN sit/VERB down/ADP on/ADP something/PRON and/CCONJ scratch/VERB his/DET head/NOUN#0.0#0.0",,,Change the body part involved to the right hand.,"a person claps, walks diagonally in a southwestern direction, sits down on something and scratches his right hand.#a/DET person/NOUN clap/VERB walk/VERB diagonally/ADV in/ADP a/DET southwestern/ADJ direction/NOUN sit/VERB down/ADP on/ADP something/PRON and/CCONJ scratch/VERB his/DET right/ADJ hand/NOUN#0.0#0.0"
"this person claps his hands, walks forward to sit and scratches head with both hands.#this/DET person/NOUN clap/VERB his/DET hand/NOUN walk/VERB forward/ADV to/PART sit/VERB and/CCONJ scratch/VERB head/NOUN with/ADP both/DET hand/NOUN#0.0#0.0",,,Change the body part involved to the left hand.,"this person claps his left hand, walks forward to sit and scratches head with left hand.#this/DET person/NOUN clap/VERB his/DET left/ADJ hand/NOUN walk/VERB forward/ADV to/PART sit/VERB and/CCONJ scratch/VERB head/NOUN with/ADP left/ADJ hand/NOUN#0.0#0.0"
a man raises his arms and then puts his hands on his knees.#a/DET man/NOUN raise/VERB his/DET arm/NOUN and/CCONJ then/ADV put/VERB his/DET hand/NOUN on/ADP his/DET knee/NOUN#0.0#0.0,,,Change the body part involved to the elbows.,a man raises his elbows and then puts his hands on his knees.#a/DET man/NOUN raise/VERB his/DET elbow/NOUN and/CCONJ then/ADV put/VERB his/DET hand/NOUN on/ADP his/DET knee/NOUN#0.0#0.0
"a person lifts both arms out to their side, then returns them to their thighs while sitting.#a/DET person/NOUN lift/VERB both/DET arm/NOUN out/ADV to/ADP their/DET side/NOUN then/ADV return/VERB them/PRON to/ADP their/DET thigh/NOUN while/SCONJ sit/VERB#0.0#0.0",,,Adjust the joint angles and change the body part involved to the forearms.,"a person lifts both forearms out to their side, then returns them to their thighs while sitting.#a/DET person/NOUN lift/VERB both/DET forearm/NOUN out/ADV to/ADP their/DET side/NOUN then/ADV return/VERB them/PRON to/ADP their/DET thigh/NOUN while/SCONJ sit/VERB#0.0#0.0"
sitting with arms outstretched.#sit/VERB with/ADP arm/NOUN outstretche/VERB#0.0#0.0,,,Change the body part involved to the wrists.,sitting with wrists outstretched.#sit/VERB with/ADP wrist/NOUN outstretche/VERB#0.0#0.0
a figure moves its left hand to its right shoulder then its left.#a/DET figure/NOUN move/VERB its/DET left/ADJ hand/NOUN to/ADP its/DET right/ADJ shoulder/NOUN then/ADV its/DET left/NOUN#0.0#0.0,,,Change the body part involved to the right hand.,a figure moves its right hand to its left shoulder then its right.#a/DET figure/NOUN move/VERB its/DET right/ADJ hand/NOUN to/ADP its/DET left/ADJ shoulder/NOUN then/ADV its/DET right/NOUN#0.0#0.0
"individual is dropping arms down to side from a ""t"" position. then with left hand, reaching right and back to the left. with left hand reaching up then down, then forward and back to body.#individual/PROPN is/AUX drop/VERB arm/NOUN down/ADV to/PART side/VERB from/ADP a/DET t/NOUN position/NOUN then/ADV with/ADP left/ADJ hand/NOUN reach/VERB right/NOUN and/CCONJ back/ADV to/ADP the/DET left/NOUN with/ADP left/ADJ hand/NOUN reach/VERB up/ADP then/ADV down/ADV then/ADV forward/ADV and/CCONJ back/ADV to/ADP body/NOUN#1.0#6.0",,,Change body part to elbows and adjust joint angles.,"individual is dropping elbows down to side from a ""t"" position. then with left elbow, reaching right and back to the left. with left elbow reaching up then down, then forward and back to body.#individual/PROPN is/AUX drop/VERB elbow/NOUN down/ADV to/PART side/VERB from/ADP a/DET t/NOUN position/NOUN then/ADV with/ADP left/ADJ elbow/NOUN reach/VERB right/NOUN and/CCONJ back/ADV to/ADP the/DET left/NOUN with/ADP left/ADJ elbow/NOUN reach/VERB up/ADP then/ADV down/ADV then/ADV forward/ADV and/CCONJ back/ADV to/ADP body/NOUN#1.0#6.0"
"a person slides open a door, pulls another door down, then takes something from inside.#a/DET person/NOUN slide/VERB open/VERB a/DET door/NOUN pull/VERB another/DET door/NOUN down/ADV then/ADV take/VERB something/PRON from/ADP inside/ADV#0.0#0.0",,,Change body part to use right foot.,"a person slides open a door with right foot, pulls another door down, then takes something from inside.#a/DET person/NOUN slide/VERB open/VERB a/DET door/NOUN with/ADP right/ADJ foot/NOUN pull/VERB another/DET door/NOUN down/ADV then/ADV take/VERB something/PRON from/ADP inside/ADV#0.0#0.0"
"a person walks forward, slightly bends at the waist, reaches for something to his right with his left hand, and he moves the thing to his left.#a/DET person/NOUN walk/VERB forward/ADV slightly/ADV bend/VERB at/ADP the/DET waist/NOUN reach/VERB for/ADP something/PRON to/ADP his/DET right/NOUN with/ADP his/DET left/ADJ hand/NOUN and/CCONJ he/PRON move/VERB the/DET thing/NOUN to/ADP his/DET left/NOUN#0.0#0.0",,,Adjust joint angles to bend knees instead of waist.,"a person walks forward, slightly bends knees, reaches for something to his right with his left hand, and he moves the thing to his left.#a/DET person/NOUN walk/VERB forward/ADV slightly/ADV bend/VERB knee/NOUN reach/VERB for/ADP something/PRON to/ADP his/DET right/NOUN with/ADP his/DET left/ADJ hand/NOUN and/CCONJ he/PRON move/VERB the/DET thing/NOUN to/ADP his/DET left/NOUN#0.0#0.0"
"a person walks forward, moves something from right to left with their left hand, then steps back.#a/DET person/NOUN walk/VERB forward/ADV move/VERB something/PRON from/ADP right/NOUN to/ADP left/VERB with/ADP their/DET left/ADJ hand/NOUN then/ADV step/VERB back/ADV#0.0#0.0",,,Change body part to use right foot.,"a person walks forward, moves something from right to left with their right foot, then steps back.#a/DET person/NOUN walk/VERB forward/ADV move/VERB something/PRON from/ADP right/NOUN to/ADP left/VERB with/ADP their/DET right/ADJ foot/NOUN then/ADV step/VERB back/ADV#0.0#0.0"
"a person who has his hands down by his sides takes two steps forward, bends, picks something up with his left hand and moves it to his left, then takes two steps back.#a/DET person/NOUN who/PRON has/AUX his/DET hand/NOUN down/ADP by/ADP his/DET side/NOUN take/VERB two/NUM step/NOUN forward/ADV bend/NOUN pick/VERB something/PRON up/ADP with/ADP his/DET left/ADJ hand/NOUN and/CCONJ move/VERB it/PRON to/ADP his/DET left/NOUN then/ADV take/VERB two/NUM step/NOUN back/ADV#0.0#0.0",,,Change body part to use right hand.,"a person who has his hands down by his sides takes two steps forward, bends, picks something up with his right hand and moves it to his left, then takes two steps back.#a/DET person/NOUN who/PRON has/AUX his/DET hand/NOUN down/ADP by/ADP his/DET side/NOUN take/VERB two/NUM step/NOUN forward/ADV bend/NOUN pick/VERB something/PRON up/ADP with/ADP his/DET right/ADJ hand/NOUN and/CCONJ move/VERB it/PRON to/ADP his/DET left/NOUN then/ADV take/VERB two/NUM step/NOUN back/ADV#0.0#0.0"
a person slowly throws something to their right with their left hand.#a/DET person/NOUN slowly/ADV throw/VERB something/PRON to/ADP their/DET right/NOUN with/ADP their/DET left/ADJ hand/NOUN#0.0#0.0,,,Change body part to use right foot.,a person slowly throws something to their right with their right foot.#a/DET person/NOUN slowly/ADV throw/VERB something/PRON to/ADP their/DET right/NOUN with/ADP their/DET right/ADJ foot/NOUN#0.0#0.0
"this person is standing in one spot and they start to move around. they start with what i'm going to assume is their left arm. they look like they are either stretching or starting to dance. this person might even just be up moving just because,#this/DET person/NOUN is/AUX stand/VERB in/ADP one/NUM spot/NOUN and/CCONJ they/PRON start/VERB to/PART move/VERB around/ADV they/PRON start/VERB with/ADP what/PRON i/PRON go/VERB to/PART assume/VERB is/AUX their/DET left/ADJ arm/NOUN they/PRON look/VERB like/SCONJ they/PRON are/AUX either/CCONJ stretch/VERB or/CCONJ start/VERB to/PART dance/VERB this/DET person/NOUN may/VERB even/ADV just/ADV be/AUX up/ADV move/VERB just/ADV because/SCONJ#0.0#3.0",,,Change body part to use both feet and adjust joint angles.,this person is standing in one spot and they start to move around using both feet. they start with what i'm going to assume is their left foot. they look like they are either stretching or starting to dance. this person might even just be up moving just because.#this/DET person/NOUN is/AUX stand/VERB in/ADP one/NUM spot/NOUN and/CCONJ they/PRON start/VERB to/PART move/VERB around/ADV using/VERB both/DET foot/NOUN they/PRON start/VERB with/ADP what/PRON i/PRON go/VERB to/PART assume/VERB is/AUX their/DET left/ADJ foot/NOUN they/PRON look/VERB like/SCONJ they/PRON are/AUX either/CCONJ stretch/VERB or/CCONJ start/VERB to/PART dance/VERB this/DET person/NOUN may/VERB even/ADV just/ADV be/AUX up/ADV move/VERB just/ADV because/SCONJ#0.0#3.0
a person raise the left hand overhead then throws something.#a/DET person/NOUN raise/VERB the/DET left/ADJ hand/NOUN overhead/ADV then/ADV throw/VERB something/PRON#0.0#0.0,,,Change body part to use right elbow.,a person raises the right elbow overhead then throws something.#a/DET person/NOUN raise/VERB the/DET right/ADJ elbow/NOUN overhead/ADV then/ADV throw/VERB something/PRON#0.0#0.0
"a man ducks down while running toward the camera, all fours briefly hit the ground as he continues to move toward the camera and then starts to turn to his right.#a/DET man/NOUN duck/VERB down/ADP while/SCONJ run/VERB toward/ADP the/DET camera/NOUN all/DET four/NOUN briefly/ADV hit/VERB the/DET ground/NOUN as/SCONJ he/PRON continue/VERB to/PART move/VERB toward/ADP the/DET camera/NOUN and/CCONJ then/ADV start/VERB to/PART turn/VERB to/ADP his/DET right/NOUN#0.0#0.0",,,Change body part to use hands and knees.,"a man ducks down while running toward the camera, hands and knees briefly hit the ground as he continues to move toward the camera and then starts to turn to his right.#a/DET man/NOUN duck/VERB down/ADP while/SCONJ run/VERB toward/ADP the/DET camera/NOUN hands/NOUN and/CCONJ knees/NOUN briefly/ADV hit/VERB the/DET ground/NOUN as/SCONJ he/PRON continue/VERB to/PART move/VERB toward/ADP the/DET camera/NOUN and/CCONJ then/ADV start/VERB to/PART turn/VERB to/ADP his/DET right/NOUN#0.0#0.0"
"a person runs, bends to touch the ground and stand up to continue running.#a/DET person/NOUN run/VERB bend/NOUN to/PART touch/VERB the/DET ground/NOUN and/CCONJ stand/VERB up/ADP to/PART continue/VERB run/VERB#0.0#0.0",,,Change body part to use hands for touching the ground.,"a person runs, bends to touch the ground with hands and stand up to continue running.#a/DET person/NOUN run/VERB bend/NOUN to/PART touch/VERB the/DET ground/NOUN with/ADP hands/NOUN and/CCONJ stand/VERB up/ADP to/PART continue/VERB run/VERB#0.0#0.0"
a man runs forward and stumbles.#a/DET man/NOUN run/VERB forward/ADV and/CCONJ stumble/NOUN#0.0#0.0,,,Introduce a new action of jumping.,"a man runs forward, jumps, and stumbles."
"a figure walks forward, swivels in a half turn to the right pushing left hand backward, then walks forward back to starting point.#a/DET figure/NOUN walk/VERB forward/ADV swivel/NOUN in/ADP a/DET half/ADJ turn/NOUN to/ADP the/DET right/ADJ push/VERB left/ADJ hand/NOUN backward/ADV then/ADV walk/VERB forward/ADV back/ADV to/ADP starting/NOUN point/NOUN#0.0#0.0",,,Introduce a new pose of squatting.,"a figure walks forward, swivels in a half turn to the right pushing left hand backward, squats, then walks forward back to starting point."
the man turns right at a normal pace#the/DET man/NOUN turn/VERB right/ADV at/ADP a/DET normal/ADJ pace/NOUN#0.0#0.0,,,Remove the action of turning.,the man walks at a normal pace.
a person walking straight and turns to the right#a/DET person/NOUN walk/VERB straight/ADV and/CCONJ turn/VERB to/ADP the/DET right/NOUN#0.0#0.0,,,Introduce a new action of waving.,"a person walking straight, waves, and turns to the right."
a person walks forward and comes to a stop.#a/DET person/NOUN walk/VERB forward/ADV and/CCONJ come/VERB to/ADP a/DET stop/NOUN#0.0#0.0,,,Introduce a new action of stretching arms.,"a person walks forward, stretches arms, and comes to a stop."
a man walks forward 4 steps.#a/DET man/NOUN walk/VERB forward/ADV step/NOUN#0.0#0.0,,,Introduce a new action of clapping hands.,a man walks forward 4 steps and claps his hands.
a man walks forward at a steady pace.#a/DET man/NOUN walk/VERB forward/ADV at/ADP a/DET steady/ADJ pace/NOUN#0.0#0.0,,,Replace walking action with jogging.,a man jogs forward at a steady pace.
a person walks swaying side to side walking in a slow circle then veering upwards at the end.#a/DET person/NOUN walk/VERB sway/VERB side/NOUN to/PART side/VERB walk/VERB in/ADP a/DET slow/ADJ circle/NOUN then/ADV veer/VERB upwards/ADV at/ADP the/DET end/NOUN#0.0#0.0,,,Introduce a new action of hopping.,"a person walks swaying side to side walking in a slow circle, hops, then veering upwards at the end."
a man paces while looking up.#a/DET man/NOUN pace/VERB while/SCONJ look/VERB up/ADP#0.0#0.0,,,Remove looking up action and introduce a new action of rubbing hands together.,a man paces while rubbing his hands together.
"a person walks in a circular path looking up, with their torso slightly leaned back.#a/DET person/NOUN walk/VERB in/ADP a/DET circular/ADJ path/NOUN look/VERB up/ADP with/ADP their/DET torso/NOUN slightly/ADV lean/VERB back/ADV#0.0#0.0",,,Remove torso leaning back action and introduce a new action of waving.,a person walks in a circular path looking up and waving.
person stands with feet wide apart lifting  left arm shoulder length then lifts right arm up as well and stays in position#person/NOUN stand/VERB with/ADP foot/NOUN wide/ADJ apart/ADV lift/VERB left/ADJ arm/NOUN shoulder/NOUN length/NOUN then/ADV lift/VERB right/ADJ arm/VERB up/ADP as/ADV well/ADV and/CCONJ stay/VERB in/ADP position/NOUN#0.0#0.0,,,Introduce a new action of tapping feet.,"person stands with feet wide apart lifting left arm shoulder length then lifts right arm up as well and stays in position, tapping their feet."
a person holds one arm out to his side and then lifts the other arm and does the same.#a/DET person/NOUN hold/VERB one/NUM arm/NOUN out/ADP to/ADP his/DET side/NOUN and/CCONJ then/ADV lift/VERB the/DET other/ADJ arm/NOUN and/CCONJ does/AUX the/DET same/ADJ#0.0#0.0,,,Replace holding arm action with touching the head.,"a person touches the head with one arm, then lifts the other arm and does the same."
"a person lowers his right arm and holds it there, and then raises it again, outstretched and at shoulder level.#a/DET person/NOUN lower/VERB his/DET right/ADJ arm/NOUN and/CCONJ hold/VERB it/PRON there/ADV and/CCONJ then/ADV raise/VERB it/PRON again/ADV outstretche/VERB and/CCONJ at/ADP shoulder/NOUN level/NOUN#0.0#0.0",,,Introduce a new action of shaking the arm.,"a person lowers his right arm, shakes it, and then raises it again, outstretched and at shoulder level."
a person standing in place raises both arms to the side raising them above eye level.#a/DET person/NOUN stand/VERB in/ADP place/NOUN raise/VERB both/DET arm/NOUN to/ADP the/DET side/NOUN raise/VERB them/PRON above/ADP eye/NOUN level/NOUN#0.0#0.0,,,Introduce a new action of touching the head.,"a person standing in place raises both arms to the side, touching the head, and raising them above eye level."
the person is stretching arms out.#the/DET person/NOUN is/AUX stretch/VERB arm/NOUN out/ADV#0.0#0.0,,,Replace stretching arms action with crossing arms.,the person is crossing arms out.
someone stretches both arms out to the side.#someone/PRON stretch/VERB both/DET arm/NOUN out/ADV to/ADP the/DET side/NOUN#0.0#0.0,,,Introduce a new action of touching the shoulders.,"someone stretches both arms out to the side, then touches the shoulders."
"the person lifts both hands, no higher than their waste, from right to left#the/DET person/NOUN lift/VERB both/DET hand/NOUN no/ADV higher/ADJ than/SCONJ their/DET waste/NOUN from/ADP right/NOUN to/ADP left/ADV#0.0#0.0",,,Replace lifting hands action with swinging hands.,"the person swings both hands, no higher than their waist, from right to left."
person bends over slightly and puts something down#person/NOUN bend/VERB over/ADP slightly/ADV and/CCONJ put/VERB something/PRON down/ADP#0.0#0.0,,,Introduce a new action of stretching the back.,"person bends over slightly, stretches the back, and puts something down."
an object is moved from right to left.#an/DET object/NOUN is/AUX move/VERB from/ADP right/NOUN to/ADP left/NOUN#0.0#0.0,,,Introduce a new action of rotating the object.,an object is moved from right to left and rotated.
a persons walks on a tight rope.#a/DET person/NOUN walk/VERB on/ADP a/DET tight/ADJ rope/NOUN#0.0#0.0,,,Introduce a new action of balancing.,a person walks on a tight rope while balancing.
a person walks with both arms spread out.#a/DET person/NOUN walk/VERB with/ADP both/DET arm/NOUN spread/VERB out/ADP#0.0#0.0,,,Interact with a ball.,"a person walks with both arms spread out, catching a ball."
a person walks along a narrow object with arms up for balance.#a/DET person/NOUN walk/VERB along/ADP a/DET narrow/ADJ object/NOUN with/ADP arm/NOUN up/ADP for/ADP balance/NOUN#0.0#0.0,,,Interact with a balance beam.,a person walks along a balance beam with arms up for balance.
person took a medium hop forward.#person/NOUN take/VERB a/DET medium/ADJ hop/NOUN forward/ADV#0.0#0.0,,,Interact with a hopscotch grid.,person took a medium hop forward playing hopscotch.
jump forward on the floor.#jump/VERB forward/ADV on/ADP the/DET floor/NOUN#0.0#0.0,,,Interact with a skipping rope.,jump forward on the floor with a skipping rope.
person hops forward on two feet#person/NOUN hop/VERB forward/ADV on/ADP two/NUM foot/NOUN#0.0#0.0,,,Interact with a sack race.,person hops forward on two feet in a sack race.
a man walks forward with arms stretched out to the sides as if on a tightrope.#a/DET man/NOUN walk/VERB forward/ADV with/ADP arm/NOUN stretch/VERB out/ADP to/ADP the/DET side/NOUN as/SCONJ if/SCONJ on/ADP a/DET tightrope/NOUN#0.0#0.0,,,Interact with a tightrope.,a man walks forward on a tightrope with arms stretched out to the sides for balance.
"a person carefully walks forward, placing one foot in front of the other, with their arms out, as if trying to keep their balance.#a/DET person/NOUN carefully/ADV walk/VERB forward/ADV place/VERB one/NUM foot/NOUN in/ADP front/NOUN of/ADP the/DET other/ADJ with/ADP their/DET arm/NOUN out/ADV as/SCONJ if/SCONJ try/VERB to/PART keep/VERB their/DET balance/NOUN#0.0#0.0",,,Interact with a slackline.,"a person carefully walks forward on a slackline, placing one foot in front of the other, with their arms out, as if trying to keep their balance."
"someone walks a straight line, balancing with their arms held outward.#someone/PRON walk/VERB a/DET straight/ADJ line/NOUN balance/VERB with/ADP their/DET arm/NOUN hold/VERB outward/ADV#0.0#0.0",,,Interact with a balance beam.,"someone walks a straight line on a balance beam, balancing with their arms held outward."
the person looks as if they are strumming a guitar#the/DET person/NOUN look/VERB as/SCONJ if/SCONJ they/PRON are/AUX strum/VERB a/DET guitar/NOUN#0.0#0.0,,,Interact with an actual guitar.,"the person looks as if they are strumming a guitar, and they actually are."
stick figure stood still moving his arms in a strumming motion#stick/PROPN figure/NOUN stand/VERB still/ADV move/VERB his/DET arm/NOUN in/ADP a/DET strumming/NOUN motion/NOUN#0.0#6.0,,,Interact with a ukulele.,"stick figure stood still moving his arms in a strumming motion, playing a ukulele."
a person lifts their arms to to strum an imaginary guitar.#a/DET person/NOUN lift/VERB their/DET arm/NOUN to/ADP to/PART strum/VERB an/DET imaginary/ADJ guitar/NOUN#0.0#0.0,,,Interact with an air guitar.,a person lifts their arms to strum an air guitar.
a person sits down then uses left arm to push up.#a/DET person/NOUN sit/VERB down/ADP then/ADV use/VERB left/VERB arm/NOUN to/PART push/VERB up/ADP#0.0#0.0,,,Interact with a chair.,a person sits down on a chair then uses left arm to push up.
"a person sat down on the floor, with crossing legs, and after stand up#a/DET person/NOUN sit/VERB down/ADP on/ADP the/DET floor/NOUN with/ADP cross/VERB leg/NOUN and/CCONJ after/ADP stand/VERB up/ADP#0.0#0.0",,,Interact with a yoga mat.,"a person sat down on a yoga mat, with crossing legs, and after stands up."
a person sits down on the ground in lotus position then gets back up.#a/DET person/NOUN sit/VERB down/ADP on/ADP the/DET ground/NOUN in/ADP lotus/PROPN position/NOUN then/ADV get/VERB back/ADV up/ADV#0.0#0.0,,,Interact with a meditation cushion.,a person sits down on a meditation cushion in lotus position then gets back up.
"a person stands still with his arms as his side, and he rotates his head around while keeping his body motionless.#a/DET person/NOUN stand/VERB still/ADV with/ADP his/DET arm/NOUN as/SCONJ his/DET side/NOUN and/CCONJ he/PRON rotate/VERB his/DET head/NOUN around/ADP while/SCONJ keep/VERB his/DET body/NOUN motionless/ADV#0.0#0.0",,,Interact with a stretching partner.,"a person stands still with his arms at his side, and he rotates his head around while keeping his body motionless, with a partner assisting the stretch."
a person moves their head in a clockwise circle by using the range of motion in their neck#a/DET person/NOUN move/VERB their/DET head/NOUN in/ADP a/DET clockwise/NOUN circle/NOUN by/ADP use/VERB the/DET range/NOUN of/ADP motion/NOUN in/ADP their/DET neck/NOUN#0.0#0.0,,,Interact with a neck massager.,"a person moves their head in a clockwise circle by using the range of motion in their neck, with a neck massager."
a person stands straight and stretches/rotates their neck in a counter-clockwise motion.#a/DET person/NOUN stand/VERB straight/ADV and/CCONJ stretch/NOUN rotate/VERB their/DET neck/NOUN in/ADP a/DET counterclockwise/ADJ motion/NOUN#0.0#0.0,,,Interact with a resistance band.,"a person stands straight and stretches/rotates their neck in a counter-clockwise motion, using a resistance band."
a person turns clockwise while standing in place then slowly stretches arms outward to their side,,,Interact with a yoga mat.,"a person turns clockwise while standing in place on a yoga mat, then slowly stretches arms outward to their side."
a person slowly turns then raises their arms,,,Interact with a ballet barre.,a person slowly turns then raises their arms while holding onto a ballet barre.
a person carefully steps in a circular motion looking downward and then raises their arms outwards.,,,Interact with a spiral staircase.,"a person carefully steps in a circular motion on a spiral staircase, looking downward and then raises their arms outwards."
a person squats down then jumps.,,,Perform a squat and jump with a sense of triumph.,a person squats down and jumps up triumphantly.
a person jumps forward from their original position.,,,Jump forward with a playful attitude.,a person jumps forward from their original position playfully.
"while a person is standing, they bend their knees and jump forward.",,,Bend knees and jump forward with a determined spirit.,"while a person is standing, they bend their knees and jump forward with determination."
person is walking up on a stair.,,,Walk up a stair with a feeling of accomplishment.,a person walks up a stair with a sense of accomplishment.
a person walks up stairs.,,,Climb stairs with a graceful manner.,a person gracefully walks up stairs.
"a person climbs a set of invisible stairs, starting with their right foot and continuing with the left foot until they have climbed 4 steps.",,,Climb invisible stairs with a feeling of adventure.,"a person climbs a set of invisible stairs with a sense of adventure, starting with their right foot and continuing with the left foot until they have climbed 4 steps."
a person waves friendly with their right hand.,,,Wave with a warm and friendly demeanor.,a person waves warmly with their right hand.
a person waves with right hand.,,,Wave with a sense of enthusiasm.,a person waves enthusiastically with their right hand.
a person waves at someone with his right hand.,,,Wave at someone with a touch of excitement.,a person waves excitedly at someone with their right hand.
stepping sideways up to the right and back down to the left.,,,Step sideways elegantly and with confidence.,stepping sideways up to the right and back down to the left confidently and elegantly.
the person is going on step ladders.,,,Climb step ladders with a focused mindset.,the person climbs step ladders with focus and determination.
a person walking up stairs.,,,Walk up stairs with an air of pride.,a person walks up stairs with a feeling of pride.
a person tries to reach something by stretching,,,Reach for something by stretching with an optimistic spirit.,a person tries to reach something by stretching optimistically.
a person lifts both his arms up and stretchs.,,,Lift arms and stretch with a sense of rejuvenation.,a person lifts both arms up and stretches feeling rejuvenated.
a person climbing and then hanging.,,,Climb and hang with an air of curiosity.,a person climbs and then hangs with curiosity.
"a person climbs a ladder-like surface, hangs from the top of it, dangles for a short period, and then lets himself down slowly.",,,Climb and hang with an exploratory mindset.,"a person climbs a ladder-like surface, hangs from the top of it, dangles for a short period, and then lets himself down slowly with an exploratory mindset."
"a person climbs a ladder, pauses at the top. holds on to the ladder. holding the ladder, he steps back down 3 steps, then, holding the ladder, lets his body hang. then climbs down the ladder and walks to the left.",,,"Climb a ladder, pause, and hang with a feeling of accomplishment.","a person climbs a ladder, pauses at the top with a feeling of accomplishment, holds on to the ladder, steps back down 3 steps, then, holding the ladder, lets his body hang before climbing down the ladder and walking to the left."
"a person hopping around in a complete circle on one foot, before doing the same with the other foot.",,,Hop around in a circle with a cheerful attitude.,"a person hops around in a complete circle on one foot cheerfully, before doing the same with the other foot."
a person hops on one foot in a circle while switching feet every half circle.,,,Hop in a circle with a sense of lightheartedness.,a person hops on one foot in a circle with a lighthearted feeling while switching feet every half circle.